关键词,类别,匹配方式,优先级,说明,状态
GB 10765,产品标准,精确,高,婴儿配方食品通则,启用
GB 10766,产品标准,精确,高,较大婴儿配方食品通则,启用
GB 10767,产品标准,精确,高,幼儿配方食品通则,启用
GB 25596,产品标准,精确,高,婴幼儿配方乳粉(已废止)留档监控,启用
GB 23790,产品标准,精确,高,婴幼儿配方乳粉旧版留档,启用
GB 29922,产品标准,精确,高,特殊医学用途婴儿配方食品通则,启用
GB 29923,产品标准,精确,高,特殊医学用途婴儿配方食品通则配套,启用
婴幼儿配方食品,产品标准,模糊,高,品类关键词,启用
婴儿配方,产品标准,模糊,高,品类关键词,启用
较大婴儿配方,产品标准,模糊,高,品类关键词,启用
幼儿配方,产品标准,模糊,高,品类关键词,启用
特殊医学用途婴儿,产品标准,模糊,高,特医品类,启用
婴幼儿配方乳粉,产品标准,模糊,高,品类关键词,启用
GB 5009.*,检测标准,通配,高,理化检测方法系列,启用
GB 5009.5,检测标准,精确,高,蛋白质测定,启用
GB 5009.6,检测标准,精确,高,脂肪测定,启用
GB 5009.3,检测标准,精确,高,水分测定,启用
GB 5009.11,检测标准,精确,高,总氮测定,启用
GB 5009.9,检测标准,精确,中,还原糖测定,启用
GB 5009.5-2016,检测标准,精确,高,蛋白方法现行版本锚点,启用
GB 2762,检测标准,精确,高,污染物限量,启用
GB 2761,检测标准,精确,高,污染物限量配套,启用
GB 29921,检测标准,精确,高,致病菌限量,启用
GB 31607,检测标准,精确,中,抗生素残留测定,启用
GB 4789,检测标准,通配,高,微生物检验方法系列,启用
采样,检测标准,模糊,中,采样方法相关,启用
前处理,检测标准,模糊,中,样品前处理相关,启用
GB 14881,生产标准,精确,高,食品生产通用卫生规范,启用
良好生产规范,生产标准,模糊,中,GB良好生产规范系列,启用
粉状婴配,生产标准,模糊,中,粉状婴幼儿配方食品,启用
生产工艺,生产标准,模糊,中,生产工艺规范,启用
HACCP,体系标准,模糊,中,危害分析体系,启用
ISO 22000,体系标准,精确,中,食品安全管理体系,启用
FSSC 22000,体系标准,精确,中,全球食品安全标准,启用
GFSI,体系标准,模糊,中, benchmarking相关,停用
食品安全自查,体系标准,模糊,低,自查制度相关,启用
食品追溯,体系标准,模糊,低,追溯体系相关,启用
食品召回,体系标准,模糊,低,召回管理相关,启用
内审,体系标准,模糊,低,内审相关,启用
GB 4806.*,关联标准,通配,中,食品接触材料系列,启用
过敏原,关联标准,模糊,高,过敏原标识与控制,启用
阪崎肠杆菌,关联标准,模糊,高,微生物风险项,启用
金黄色葡萄球菌,关联标准,模糊,中,微生物风险项,启用
清洗消毒,关联标准,模糊,低,车间清洗消毒,启用
车间环境,关联标准,模糊,低,洁净度与微生物监控,启用
乳原料,关联标准,模糊,中,生鲜乳与乳粉原料,启用
乳粉污染物,关联标准,模糊,中,原料乳限量,启用
包装材料,关联标准,模糊,中,包材合规,启用
